insert into users (user_id, username, mobile, email, password, admin) values (1, 'egurery0', '3016779446', 'craistrick0@wired.com', 'hB0YNH3md9BS', false);
insert into users (user_id, username, mobile, email, password, admin) values (2, 'fbenninger1', '4345464198', 'mbarns1@mysql.com', 'UC2pBghtlp', true);
insert into users (user_id, username, mobile, email, password, admin) values (3, 'iyashnov2', '5046215169', 'gmccullagh2@howstuffworks.com', 'ahpMnw12jOwo', false);
insert into users (user_id, username, mobile, email, password, admin) values (4, 'kmortimer3', '7355080785', 'cavis3@uol.com.br', 'GL9DiGaBBwNc', false);
insert into users (user_id, username, mobile, email, password, admin) values (5, 'gwooler4', '3262871738', 'mblodg4@ycombinator.com', 'fe1hXuy', false);
insert into users (user_id, username, mobile, email, password, admin) values (6, 'adotson5', '7443616036', 'kgaylard5@wiley.com', 'z60EPYobAuOr', false);
insert into users (user_id, username, mobile, email, password, admin) values (7, 'twinter6', '3706692915', 'weddisforth6@intel.com', 'OFsF4n', true);
insert into users (user_id, username, mobile, email, password, admin) values (8, 'ldysart7', '8047875738', 'msheppey7@hibu.com', 'd6Hd4Tz4FUt', false);
insert into users (user_id, username, mobile, email, password, admin) values (9, 'skimmings8', '2852590592', 'koolahan8@ameblo.jp', 'm7VP52moj', false);
insert into users (user_id, username, mobile, email, password, admin) values (10, 'cgeldard9', '8788678738', 'tshoard9@dropbox.com', 'gOfMhjZP1k', true);
insert into users (user_id, username, mobile, email, password, admin) values (11, 'dmonnellya', '8167640323', 'zemora@diigo.com', 'UY4uWDniwU2', false);
insert into users (user_id, username, mobile, email, password, admin) values (12, 'dteodorob', '5758492155', 'vgorringeb@1und1.de', 'lC1CDOoIZTJ', true);
insert into users (user_id, username, mobile, email, password, admin) values (13, 'ckirlinc', '6057563680', 'nlonghic@oracle.com', 'w29GwsmP', false);
insert into users (user_id, username, mobile, email, password, admin) values (14, 'pwastlingd', '2483945429', 'mtallond@un.org', 'HB99yxIg50', false);
insert into users (user_id, username, mobile, email, password, admin) values (15, 'fegere', '7522409775', 'gknowltone@eepurl.com', 'e1VyJR', false);
insert into users (user_id, username, mobile, email, password, admin) values (16, 'tgudginf', '1558094140', 'mduttonf@seesaa.net', 'ZBPr1l', false);
insert into users (user_id, username, mobile, email, password, admin) values (17, 'ogunbyg', '6844071493', 'apaternosterg@wordpress.com', '9DMk7lyQu2C', false);
insert into users (user_id, username, mobile, email, password, admin) values (18, 'finnerstoneh', '4477532736', 'golehaneh@bravesites.com', 'of0xI2y', false);
insert into users (user_id, username, mobile, email, password, admin) values (19, 'athurleyi', '9744433173', 'bscrinei@sciencedaily.com', 'AnSHacX', true);
insert into users (user_id, username, mobile, email, password, admin) values (20, 'egonthierj', '2704164116', 'kduferj@ihg.com', 'CFc61B', false);

insert into item (item_id, name, owner, category, status, description) values (1, 'Sesame Seed', 14, 'ALL', 0, 'good');
insert into item (item_id, name, owner, category, status, description) values (2, 'Shiratamako - Rice Flour', 6, 'ALL', 1, 'good');
insert into item (item_id, name, owner, category, status, description) values (3, 'Lobster - Live', 5, 'ALL', 1, 'good');
insert into item (item_id, name, owner, category, status, description) values (4, 'Salsify, Organic', 18, 'ALL', 0, 'good');
insert into item (item_id, name, owner, category, status, description) values (5, 'Brandy - Bar', 3, 'ALL', 1, 'good');
insert into item (item_id, name, owner, category, status, description) values (6, 'Wine - Zonnebloem Pinotage', 15, 'ALL', 1, 'good');
insert into item (item_id, name, owner, category, status, description) values (7, 'Lettuce - Lambs Mash', 14, 'ALL', 0, 'good');
insert into item (item_id, name, owner, category, status, description) values (8, 'Yogurt - Peach, 175 Gr', 15, 'ALL', 1, 'good');
insert into item (item_id, name, owner, category, status, description) values (9, 'Muffin Hinge Container 6', 20, 'ALL', 0, 'good');
insert into item (item_id, name, owner, category, status, description) values (10, 'Jolt Cola', 3, 'ALL', 0, 'good');
insert into item (item_id, name, owner, category, status, description) values (11, 'Arrowroot', 2, 'ALL', 0, 'good');
insert into item (item_id, name, owner, category, status, description) values (12, 'Cherries - Frozen', 3, 'ALL', 1, 'good');
insert into item (item_id, name, owner, category, status, description) values (13, 'Soup Campbells Split Pea And Ham', 6, 'ALL', 1, 'good');
insert into item (item_id, name, owner, category, status, description) values (14, 'Tequila Rose Cream Liquor', 17, 'ALL', 0, 'good');
insert into item (item_id, name, owner, category, status, description) values (15, 'French Kiss Vanilla', 1, 'ALL', 0, 'good');
insert into item (item_id, name, owner, category, status, description) values (16, 'Guava', 20, 'ALL', 1, 'good');
insert into item (item_id, name, owner, category, status, description) values (17, 'Water - Mineral, Carbonated', 2, 'ALL', 1, 'good');
insert into item (item_id, name, owner, category, status, description) values (18, 'Vinegar - Balsamic', 1, 'ALL', 0, 'good');
insert into item (item_id, name, owner, category, status, description) values (19, 'Sugar - Fine', 8, 'ALL', 0, 'good');
insert into item (item_id, name, owner, category, status, description) values (20, 'Grand Marnier', 18, 'ALL', 0, 'good');
insert into item (item_id, name, owner, category, status, description) values (21, 'Lobster - Live', 16, 'ALL', 1, 'good');
insert into item (item_id, name, owner, category, status, description) values (22, 'Wine - Muscadet Sur Lie', 2, 'ALL', 0, 'good');
insert into item (item_id, name, owner, category, status, description) values (23, 'Pork - Tenderloin, Fresh', 10, 'ALL', 1, 'good');
insert into item (item_id, name, owner, category, status, description) values (24, 'Ham - Smoked, Bone - In', 14, 'ALL', 0, 'good');
insert into item (item_id, name, owner, category, status, description) values (25, 'Flour - Teff', 2, 'ALL', 0, 'good');
insert into item (item_id, name, owner, category, status, description) values (26, 'Goldschalger', 12, 'ALL', 0, 'good');
insert into item (item_id, name, owner, category, status, description) values (27, 'Mace Ground', 16, 'ALL', 0, 'good');
insert into item (item_id, name, owner, category, status, description) values (28, 'Yogurt - Strawberry, 175 Gr', 2, 'ALL', 0, 'good');
insert into item (item_id, name, owner, category, status, description) values (29, 'Sea Bass - Whole', 10, 'ALL', 1, 'good');
insert into item (item_id, name, owner, category, status, description) values (30, 'Pepper - Scotch Bonnet', 10, 'ALL', 0, 'good');
insert into item (item_id, name, owner, category, status, description) values (31, 'Broom And Brush Rack Black', 12, 'ALL', 1, 'good');
insert into item (item_id, name, owner, category, status, description) values (32, 'Pineapple - Canned, Rings', 16, 'ALL', 0, 'good');
insert into item (item_id, name, owner, category, status, description) values (33, 'Bread - Granary Small Pull', 1, 'ALL', 1, 'good');
insert into item (item_id, name, owner, category, status, description) values (34, 'Mace', 6, 'ALL', 1, 'good');
insert into item (item_id, name, owner, category, status, description) values (35, 'Pastry - Baked Cinnamon Stick', 20, 'ALL', 1, 'good');
insert into item (item_id, name, owner, category, status, description) values (36, 'Beef - Texas Style Burger', 9, 'ALL', 0, 'good');
insert into item (item_id, name, owner, category, status, description) values (37, 'Coffee Cup 8oz 5338cd', 11, 'ALL', 1, 'good');
insert into item (item_id, name, owner, category, status, description) values (38, 'Cheese - Ermite Bleu', 5, 'ALL', 0, 'good');
insert into item (item_id, name, owner, category, status, description) values (39, 'Canadian Emmenthal', 9, 'ALL', 0, 'good');
insert into item (item_id, name, owner, category, status, description) values (40, 'Sproutsmustard Cress', 3, 'ALL', 0, 'good');
insert into item (item_id, name, owner, category, status, description) values (41, 'Soup - Chicken And Wild Rice', 9, 'ALL', 1, 'good');
insert into item (item_id, name, owner, category, status, description) values (42, 'Juice - Lemon', 5, 'ALL', 1, 'good');
insert into item (item_id, name, owner, category, status, description) values (43, 'Lettuce - Frisee', 20, 'ALL', 1, 'good');
insert into item (item_id, name, owner, category, status, description) values (44, 'Veal - Leg, Provimi - 50 Lb Max', 5, 'ALL', 0, 'good');
insert into item (item_id, name, owner, category, status, description) values (45, 'Cheese - St. Paulin', 20, 'ALL', 0, 'good');
insert into item (item_id, name, owner, category, status, description) values (46, 'V8 Splash Strawberry Banana', 15, 'ALL', 0, 'good');
insert into item (item_id, name, owner, category, status, description) values (47, 'Bread Crumbs - Japanese Style', 2, 'ALL', 1, 'good');
insert into item (item_id, name, owner, category, status, description) values (48, 'Sping Loaded Cup Dispenser', 15, 'ALL', 1, 'good');
insert into item (item_id, name, owner, category, status, description) values (49, 'Tuna - Bluefin', 2, 'ALL', 1, 'good');
insert into item (item_id, name, owner, category, status, description) values (50, 'Longos - Chicken Caeser Salad', 15, 'ALL', 1, 'good');
insert into item (item_id, name, owner, category, status, description) values (51, 'Beef - Top Sirloin - Aaa', 13, 'ALL', 0, 'good');
insert into item (item_id, name, owner, category, status, description) values (52, 'Zucchini - Mini, Green', 11, 'ALL', 0, 'good');
insert into item (item_id, name, owner, category, status, description) values (53, 'Spoon - Soup, Plastic', 9, 'ALL', 1, 'good');
insert into item (item_id, name, owner, category, status, description) values (54, 'Oranges - Navel, 72', 11, 'ALL', 0, 'good');
insert into item (item_id, name, owner, category, status, description) values (55, 'Pepper - Red Chili', 12, 'ALL', 0, 'good');
insert into item (item_id, name, owner, category, status, description) values (56, 'Mussels - Frozen', 7, 'ALL', 1, 'good');
insert into item (item_id, name, owner, category, status, description) values (57, 'Beef - Ground, Extra Lean, Fresh', 11, 'ALL', 0, 'good');
insert into item (item_id, name, owner, category, status, description) values (58, 'Lemonade - Black Cherry, 591 Ml', 3, 'ALL', 1, 'good');
insert into item (item_id, name, owner, category, status, description) values (59, 'Crackers - Soda / Saltins', 2, 'ALL', 0, 'good');
insert into item (item_id, name, owner, category, status, description) values (60, 'Shrimp - Prawn', 19, 'ALL', 0, 'good');
insert into item (item_id, name, owner, category, status, description) values (61, 'Fish - Halibut, Cold Smoked', 12, 'ALL', 0, 'good');
insert into item (item_id, name, owner, category, status, description) values (62, 'Glove - Cutting', 13, 'ALL', 1, 'good');
insert into item (item_id, name, owner, category, status, description) values (63, 'Cheese - Valancey', 5, 'ALL', 1, 'good');
insert into item (item_id, name, owner, category, status, description) values (64, 'Nestea - Ice Tea, Diet', 5, 'ALL', 1, 'good');
insert into item (item_id, name, owner, category, status, description) values (65, 'Sour Puss Raspberry', 12, 'ALL', 0, 'good');
insert into item (item_id, name, owner, category, status, description) values (66, 'Bread Country Roll', 4, 'ALL', 1, 'good');
insert into item (item_id, name, owner, category, status, description) values (67, 'Wine - White, Chardonnay', 2, 'ALL', 1, 'good');
insert into item (item_id, name, owner, category, status, description) values (68, 'Pasta - Rotini, Colour, Dry', 4, 'ALL', 0, 'good');
insert into item (item_id, name, owner, category, status, description) values (69, 'Yeast Dry - Fleischman', 14, 'ALL', 0, 'good');
insert into item (item_id, name, owner, category, status, description) values (70, 'Skirt - 24 Foot', 15, 'ALL', 1, 'good');
insert into item (item_id, name, owner, category, status, description) values (71, 'Halibut - Whole, Fresh', 4, 'ALL', 0, 'good');
insert into item (item_id, name, owner, category, status, description) values (72, 'Cheese - Victor Et Berthold', 6, 'ALL', 1, 'good');
insert into item (item_id, name, owner, category, status, description) values (73, 'Wine - Puligny Montrachet A.', 12, 'ALL', 0, 'good');
insert into item (item_id, name, owner, category, status, description) values (74, 'Napkin Colour', 6, 'ALL', 1, 'good');
insert into item (item_id, name, owner, category, status, description) values (75, 'Mushroom - Lg - Cello', 15, 'ALL', 1, 'good');
insert into item (item_id, name, owner, category, status, description) values (76, 'Beer - Guiness', 8, 'ALL', 1, 'good');
insert into item (item_id, name, owner, category, status, description) values (77, 'Nori Sea Weed', 18, 'ALL', 1, 'good');
insert into item (item_id, name, owner, category, status, description) values (78, 'Soup - Campbells Beef Stew', 11, 'ALL', 1, 'good');
insert into item (item_id, name, owner, category, status, description) values (79, 'Dragon Fruit', 9, 'ALL', 0, 'good');
insert into item (item_id, name, owner, category, status, description) values (80, 'Compound - Passion Fruit', 3, 'ALL', 1, 'good');
insert into item (item_id, name, owner, category, status, description) values (81, 'Soup - Knorr, Ministrone', 3, 'ALL', 1, 'good');
insert into item (item_id, name, owner, category, status, description) values (82, 'Wine - Red, Cooking', 17, 'ALL', 0, 'good');
insert into item (item_id, name, owner, category, status, description) values (83, 'Pork - Loin, Center Cut', 10, 'ALL', 1, 'good');
insert into item (item_id, name, owner, category, status, description) values (84, 'Oil - Canola', 1, 'ALL', 0, 'good');
insert into item (item_id, name, owner, category, status, description) values (85, 'Mustard - Pommery', 8, 'ALL', 0, 'good');
insert into item (item_id, name, owner, category, status, description) values (86, 'Muffin Mix - Morning Glory', 9, 'ALL', 1, 'good');
insert into item (item_id, name, owner, category, status, description) values (87, 'Persimmons', 8, 'ALL', 0, 'good');
insert into item (item_id, name, owner, category, status, description) values (88, 'Longos - Chicken Curried', 16, 'ALL', 0, 'good');
insert into item (item_id, name, owner, category, status, description) values (89, 'Stainless Steel Cleaner Vision', 17, 'ALL', 0, 'good');
insert into item (item_id, name, owner, category, status, description) values (90, 'Langers - Mango Nectar', 14, 'ALL', 0, 'good');
insert into item (item_id, name, owner, category, status, description) values (91, 'Wine - White, Riesling, Henry Of', 8, 'ALL', 1, 'good');
insert into item (item_id, name, owner, category, status, description) values (92, 'Cloves - Ground', 20, 'ALL', 1, 'good');
insert into item (item_id, name, owner, category, status, description) values (93, 'Olives - Stuffed', 8, 'ALL', 1, 'good');
insert into item (item_id, name, owner, category, status, description) values (94, 'Yogurt - Strawberry, 175 Gr', 1, 'ALL', 1, 'good');
insert into item (item_id, name, owner, category, status, description) values (95, 'Fish - Bones', 13, 'ALL', 0, 'good');
insert into item (item_id, name, owner, category, status, description) values (96, 'Nantucket Apple Juice', 12, 'ALL', 1, 'good');
insert into item (item_id, name, owner, category, status, description) values (97, 'Scotch - Queen Anne', 11, 'ALL', 0, 'good');
insert into item (item_id, name, owner, category, status, description) values (98, 'Icecream Bar - Del Monte', 18, 'ALL', 1, 'good');
insert into item (item_id, name, owner, category, status, description) values (99, 'Butter Balls Salted', 1, 'ALL', 0, 'good');
insert into item (item_id, name, owner, category, status, description) values (100, 'Pastry - Raisin Muffin - Mini', 18, 'ALL', 0, 'good');

insert into post (post_id, title, item, start_time, end_time, description, delivery, status) values (1, 'Untitled post AC', 1, '2018-08-05 22:27:13', '2018-12-30 02:09:23', 'Snv good', false, true);
insert into post (post_id, title, item, start_time, end_time, description, delivery, status) values (2, 'Untitled post ZO', 2, '2018-07-26 16:25:22', '2018-11-10 18:56:11', 'Joq good', true, false);
insert into post (post_id, title, item, start_time, end_time, description, delivery, status) values (3, 'Untitled post GI', 3, '2018-01-03 18:52:48', '2018-12-15 09:39:44', 'Uml good', true, true);
insert into post (post_id, title, item, start_time, end_time, description, delivery, status) values (4, 'Untitled post DH', 4, '2017-12-16 23:59:29', '2018-12-29 20:04:46', 'Yda good', false, false);
insert into post (post_id, title, item, start_time, end_time, description, delivery, status) values (5, 'Untitled post JB', 5, '2018-05-03 09:46:47', '2018-10-31 18:55:06', 'Sgk good', false, false);
insert into post (post_id, title, item, start_time, end_time, description, delivery, status) values (6, 'Untitled post BO', 6, '2018-08-29 02:32:47', '2018-12-11 16:08:45', 'Cki good', false, true);
insert into post (post_id, title, item, start_time, end_time, description, delivery, status) values (7, 'Untitled post ZK', 7, '2018-05-15 08:23:50', '2018-12-08 21:04:08', 'Hom good', false, true);
insert into post (post_id, title, item, start_time, end_time, description, delivery, status) values (8, 'Untitled post TA', 8, '2018-07-25 03:07:11', '2018-11-29 11:02:37', 'Hrs good', true, false);
insert into post (post_id, title, item, start_time, end_time, description, delivery, status) values (9, 'Untitled post MT', 9, '2018-05-11 02:14:11', '2018-10-30 12:19:25', 'Qlz good', false, true);
insert into post (post_id, title, item, start_time, end_time, description, delivery, status) values (10, 'Untitled post QF', 10, '2018-08-24 11:27:46', '2018-12-28 02:32:30', 'Uby good', true, true);
insert into post (post_id, title, item, start_time, end_time, description, delivery, status) values (11, 'Untitled post EZ', 11, '2018-02-25 22:41:40', '2018-12-01 21:55:10', 'Sai good', false, true);
insert into post (post_id, title, item, start_time, end_time, description, delivery, status) values (12, 'Untitled post HT', 12, '2018-08-25 03:48:00', '2018-10-11 16:57:07', 'Gmf good', false, false);
insert into post (post_id, title, item, start_time, end_time, description, delivery, status) values (13, 'Untitled post VE', 13, '2017-12-23 22:21:14', '2018-12-17 21:43:04', 'Aax good', true, false);
insert into post (post_id, title, item, start_time, end_time, description, delivery, status) values (14, 'Untitled post QQ', 14, '2018-08-17 20:39:16', '2018-11-24 13:56:55', 'Elf good', false, false);
insert into post (post_id, title, item, start_time, end_time, description, delivery, status) values (15, 'Untitled post AI', 15, '2018-07-30 10:32:12', '2018-11-06 20:05:24', 'Xkc good', true, false);
insert into post (post_id, title, item, start_time, end_time, description, delivery, status) values (16, 'Untitled post FR', 16, '2017-10-21 03:54:30', '2018-12-18 16:06:24', 'Dvp good', false, true);
insert into post (post_id, title, item, start_time, end_time, description, delivery, status) values (17, 'Untitled post JN', 17, '2018-02-09 16:24:23', '2018-11-27 12:33:24', 'Dvj good', true, true);
insert into post (post_id, title, item, start_time, end_time, description, delivery, status) values (18, 'Untitled post KT', 18, '2018-02-28 14:58:35', '2018-11-16 15:03:49', 'Sby good', false, false);
insert into post (post_id, title, item, start_time, end_time, description, delivery, status) values (19, 'Untitled post AY', 19, '2018-03-08 16:19:44', '2018-10-06 12:32:27', 'Ste good', false, false);
insert into post (post_id, title, item, start_time, end_time, description, delivery, status) values (20, 'Untitled post JL', 20, '2018-06-16 13:36:41', '2018-11-16 19:14:19', 'Ggd good', false, true);
insert into post (post_id, title, item, start_time, end_time, description, delivery, status) values (21, 'Untitled post BC', 21, '2018-03-21 18:47:58', '2018-11-18 05:06:38', 'Bqf good', false, false);
insert into post (post_id, title, item, start_time, end_time, description, delivery, status) values (22, 'Untitled post NS', 22, '2018-05-31 00:34:18', '2018-11-27 01:21:24', 'Whq good', true, true);
insert into post (post_id, title, item, start_time, end_time, description, delivery, status) values (23, 'Untitled post YI', 23, '2018-04-27 20:40:14', '2018-12-15 10:07:55', 'Jra good', false, true);
insert into post (post_id, title, item, start_time, end_time, description, delivery, status) values (24, 'Untitled post PB', 24, '2018-01-07 08:02:19', '2018-12-13 07:47:10', 'Oae good', true, true);
insert into post (post_id, title, item, start_time, end_time, description, delivery, status) values (25, 'Untitled post NJ', 25, '2017-11-06 10:10:46', '2018-11-08 10:03:29', 'Rhv good', false, true);
insert into post (post_id, title, item, start_time, end_time, description, delivery, status) values (26, 'Untitled post HK', 26, '2018-10-04 20:29:25', '2018-12-16 17:35:21', 'Jab good', true, true);
insert into post (post_id, title, item, start_time, end_time, description, delivery, status) values (27, 'Untitled post VH', 27, '2018-01-24 11:58:20', '2018-10-15 07:06:43', 'Htl good', false, false);
insert into post (post_id, title, item, start_time, end_time, description, delivery, status) values (28, 'Untitled post DD', 28, '2018-01-30 05:52:51', '2018-10-11 08:39:53', 'Xvz good', true, true);
insert into post (post_id, title, item, start_time, end_time, description, delivery, status) values (29, 'Untitled post AP', 29, '2017-10-13 05:32:14', '2018-11-24 23:43:49', 'Uqe good', true, false);
insert into post (post_id, title, item, start_time, end_time, description, delivery, status) values (30, 'Untitled post SK', 30, '2018-02-10 17:53:04', '2018-10-23 21:27:56', 'Ymu good', true, true);
insert into post (post_id, title, item, start_time, end_time, description, delivery, status) values (31, 'Untitled post KN', 31, '2017-10-28 05:18:54', '2018-11-22 15:12:24', 'Dva good', false, true);
insert into post (post_id, title, item, start_time, end_time, description, delivery, status) values (32, 'Untitled post MF', 32, '2018-09-16 21:27:51', '2018-12-05 23:04:21', 'Vpo good', true, true);
insert into post (post_id, title, item, start_time, end_time, description, delivery, status) values (33, 'Untitled post NT', 33, '2018-06-12 14:47:15', '2018-12-26 04:04:27', 'Few good', false, false);
insert into post (post_id, title, item, start_time, end_time, description, delivery, status) values (34, 'Untitled post KE', 34, '2018-07-01 16:56:13', '2018-12-25 01:47:56', 'Cyq good', true, true);
insert into post (post_id, title, item, start_time, end_time, description, delivery, status) values (35, 'Untitled post OW', 35, '2018-01-07 13:05:03', '2018-12-28 13:00:59', 'Hal good', true, true);
insert into post (post_id, title, item, start_time, end_time, description, delivery, status) values (36, 'Untitled post XM', 36, '2018-09-29 05:25:35', '2018-12-12 20:44:22', 'Msa good', true, true);
insert into post (post_id, title, item, start_time, end_time, description, delivery, status) values (37, 'Untitled post VU', 37, '2018-06-08 03:05:45', '2018-12-21 01:39:30', 'Iph good', false, false);
insert into post (post_id, title, item, start_time, end_time, description, delivery, status) values (38, 'Untitled post NL', 38, '2017-11-28 16:24:03', '2018-12-08 22:31:56', 'Lmo good', false, false);
insert into post (post_id, title, item, start_time, end_time, description, delivery, status) values (39, 'Untitled post XD', 39, '2018-03-20 09:55:50', '2018-12-17 17:23:20', 'Dww good', false, true);
insert into post (post_id, title, item, start_time, end_time, description, delivery, status) values (40, 'Untitled post CQ', 40, '2018-01-29 10:44:26', '2018-10-10 17:45:31', 'Gmf good', true, false);
insert into post (post_id, title, item, start_time, end_time, description, delivery, status) values (41, 'Untitled post EB', 41, '2018-01-15 05:33:04', '2018-10-30 04:57:06', 'Cxj good', true, false);
insert into post (post_id, title, item, start_time, end_time, description, delivery, status) values (42, 'Untitled post PF', 42, '2018-03-17 12:52:16', '2018-11-17 16:20:21', 'Ljp good', false, false);
insert into post (post_id, title, item, start_time, end_time, description, delivery, status) values (43, 'Untitled post IO', 43, '2018-02-09 10:15:47', '2018-11-11 19:24:44', 'Dsb good', true, true);
insert into post (post_id, title, item, start_time, end_time, description, delivery, status) values (44, 'Untitled post IP', 44, '2018-04-13 23:25:05', '2018-11-05 02:03:44', 'Ugl good', true, true);
insert into post (post_id, title, item, start_time, end_time, description, delivery, status) values (45, 'Untitled post HT', 45, '2018-07-09 09:04:59', '2018-10-22 21:26:41', 'Hzg good', false, true);
insert into post (post_id, title, item, start_time, end_time, description, delivery, status) values (46, 'Untitled post RS', 46, '2018-05-22 04:24:00', '2018-12-05 01:44:15', 'Fjj good', true, false);
insert into post (post_id, title, item, start_time, end_time, description, delivery, status) values (47, 'Untitled post IG', 47, '2017-10-29 18:11:38', '2018-11-11 22:24:31', 'Ytt good', false, false);
insert into post (post_id, title, item, start_time, end_time, description, delivery, status) values (48, 'Untitled post IV', 48, '2018-05-15 03:36:18', '2018-11-06 01:53:09', 'Xdw good', true, false);
insert into post (post_id, title, item, start_time, end_time, description, delivery, status) values (49, 'Untitled post UO', 49, '2018-06-06 06:49:49', '2018-12-05 19:02:39', 'Lwj good', true, true);
insert into post (post_id, title, item, start_time, end_time, description, delivery, status) values (50, 'Untitled post TN', 50, '2017-12-13 13:44:21', '2018-12-05 15:24:13', 'Tpr good', false, false);
insert into post (post_id, title, item, start_time, end_time, description, delivery, status) values (51, 'Untitled post WP', 51, '2018-04-10 12:50:46', '2018-11-11 16:35:57', 'Aob good', true, false);
insert into post (post_id, title, item, start_time, end_time, description, delivery, status) values (52, 'Untitled post KR', 52, '2018-08-31 09:57:09', '2018-10-06 00:58:13', 'Xhz good', false, false);
insert into post (post_id, title, item, start_time, end_time, description, delivery, status) values (53, 'Untitled post JO', 53, '2017-11-05 13:47:06', '2018-10-14 22:14:22', 'Ysm good', true, false);
insert into post (post_id, title, item, start_time, end_time, description, delivery, status) values (54, 'Untitled post JI', 54, '2017-11-26 11:13:04', '2018-12-02 05:45:21', 'Cpa good', false, true);
insert into post (post_id, title, item, start_time, end_time, description, delivery, status) values (55, 'Untitled post MU', 55, '2017-12-02 04:16:39', '2018-11-09 13:59:58', 'Kuo good', false, false);
insert into post (post_id, title, item, start_time, end_time, description, delivery, status) values (56, 'Untitled post OB', 56, '2018-03-27 18:13:27', '2018-12-01 02:44:54', 'Ktp good', false, false);
insert into post (post_id, title, item, start_time, end_time, description, delivery, status) values (57, 'Untitled post OI', 57, '2018-04-09 15:11:06', '2018-12-12 16:10:33', 'Ezi good', false, false);
insert into post (post_id, title, item, start_time, end_time, description, delivery, status) values (58, 'Untitled post QJ', 58, '2018-09-10 02:33:45', '2018-11-20 22:50:37', 'Wgm good', true, false);
insert into post (post_id, title, item, start_time, end_time, description, delivery, status) values (59, 'Untitled post GD', 59, '2018-02-28 13:37:01', '2018-11-03 19:29:01', 'Ddi good', false, false);
insert into post (post_id, title, item, start_time, end_time, description, delivery, status) values (60, 'Untitled post GX', 60, '2018-08-15 13:26:34', '2018-12-01 03:16:58', 'Ppi good', false, true);
insert into post (post_id, title, item, start_time, end_time, description, delivery, status) values (61, 'Untitled post KT', 61, '2018-02-22 01:32:16', '2018-10-28 03:04:30', 'Hjm good', false, true);
insert into post (post_id, title, item, start_time, end_time, description, delivery, status) values (62, 'Untitled post VK', 62, '2018-06-26 07:00:32', '2018-10-24 12:25:43', 'Ylb good', true, true);
insert into post (post_id, title, item, start_time, end_time, description, delivery, status) values (63, 'Untitled post VE', 63, '2017-12-08 00:18:01', '2018-10-16 04:22:02', 'Qpd good', false, false);
insert into post (post_id, title, item, start_time, end_time, description, delivery, status) values (64, 'Untitled post SE', 64, '2018-09-09 01:19:40', '2018-12-07 23:16:36', 'Zeq good', true, true);
insert into post (post_id, title, item, start_time, end_time, description, delivery, status) values (65, 'Untitled post RL', 65, '2017-12-07 16:55:31', '2018-10-23 16:45:46', 'Lfe good', true, false);
insert into post (post_id, title, item, start_time, end_time, description, delivery, status) values (66, 'Untitled post HX', 66, '2018-08-14 21:07:39', '2018-12-21 12:15:07', 'Pkh good', false, false);
insert into post (post_id, title, item, start_time, end_time, description, delivery, status) values (67, 'Untitled post CO', 67, '2018-01-14 12:16:50', '2018-10-15 23:05:48', 'Vcx good', true, false);
insert into post (post_id, title, item, start_time, end_time, description, delivery, status) values (68, 'Untitled post EN', 68, '2017-11-02 23:41:22', '2018-11-22 05:01:29', 'Ozk good', true, true);
insert into post (post_id, title, item, start_time, end_time, description, delivery, status) values (69, 'Untitled post PR', 69, '2017-12-07 03:17:39', '2018-12-30 01:20:48', 'Iwa good', true, true);
insert into post (post_id, title, item, start_time, end_time, description, delivery, status) values (70, 'Untitled post VA', 70, '2017-10-25 10:38:06', '2018-12-20 07:56:47', 'Pkz good', false, false);
insert into post (post_id, title, item, start_time, end_time, description, delivery, status) values (71, 'Untitled post OJ', 71, '2018-04-28 19:37:28', '2018-10-14 08:38:48', 'Naz good', false, true);
insert into post (post_id, title, item, start_time, end_time, description, delivery, status) values (72, 'Untitled post KF', 72, '2018-04-06 09:41:24', '2018-12-24 16:47:50', 'Mym good', true, false);
insert into post (post_id, title, item, start_time, end_time, description, delivery, status) values (73, 'Untitled post TQ', 73, '2018-08-15 22:47:09', '2018-10-23 00:30:19', 'Quq good', false, true);
insert into post (post_id, title, item, start_time, end_time, description, delivery, status) values (74, 'Untitled post DN', 74, '2017-12-07 03:40:02', '2018-10-21 20:36:13', 'Lcg good', true, false);
insert into post (post_id, title, item, start_time, end_time, description, delivery, status) values (75, 'Untitled post TE', 75, '2018-02-13 00:35:18', '2018-10-17 13:30:54', 'Bbi good', true, true);
insert into post (post_id, title, item, start_time, end_time, description, delivery, status) values (76, 'Untitled post ZL', 76, '2018-03-05 17:12:06', '2018-12-02 02:25:56', 'Mae good', false, false);
insert into post (post_id, title, item, start_time, end_time, description, delivery, status) values (77, 'Untitled post JN', 77, '2018-05-03 05:48:44', '2018-10-25 07:48:18', 'Mdw good', true, false);
insert into post (post_id, title, item, start_time, end_time, description, delivery, status) values (78, 'Untitled post OT', 78, '2018-06-02 14:29:53', '2018-12-28 03:50:49', 'Nnc good', true, true);
insert into post (post_id, title, item, start_time, end_time, description, delivery, status) values (79, 'Untitled post EF', 79, '2017-12-13 13:43:04', '2018-10-05 02:53:36', 'Fme good', false, false);
insert into post (post_id, title, item, start_time, end_time, description, delivery, status) values (80, 'Untitled post OW', 80, '2018-01-19 09:52:20', '2018-12-21 02:01:33', 'Agn good', true, true);
insert into post (post_id, title, item, start_time, end_time, description, delivery, status) values (81, 'Untitled post QX', 81, '2018-07-12 19:05:02', '2018-11-13 04:57:29', 'Ako good', true, true);
insert into post (post_id, title, item, start_time, end_time, description, delivery, status) values (82, 'Untitled post KV', 82, '2018-01-01 01:58:47', '2018-11-20 02:22:20', 'Lnm good', true, false);
insert into post (post_id, title, item, start_time, end_time, description, delivery, status) values (83, 'Untitled post IL', 83, '2018-01-30 14:02:17', '2018-10-05 13:36:29', 'Jzm good', true, false);
insert into post (post_id, title, item, start_time, end_time, description, delivery, status) values (84, 'Untitled post LC', 84, '2018-09-26 18:18:06', '2018-11-12 16:26:02', 'Nhz good', false, false);
insert into post (post_id, title, item, start_time, end_time, description, delivery, status) values (85, 'Untitled post TU', 85, '2018-06-07 22:12:21', '2018-12-28 05:11:19', 'Guu good', true, true);
insert into post (post_id, title, item, start_time, end_time, description, delivery, status) values (86, 'Untitled post KJ', 86, '2018-02-12 09:07:57', '2018-10-07 04:23:50', 'Svs good', true, true);
insert into post (post_id, title, item, start_time, end_time, description, delivery, status) values (87, 'Untitled post FO', 87, '2018-01-19 01:54:01', '2018-11-12 04:37:30', 'Liv good', false, false);
insert into post (post_id, title, item, start_time, end_time, description, delivery, status) values (88, 'Untitled post JP', 88, '2018-09-26 12:02:34', '2018-10-28 23:16:48', 'Zvb good', false, false);
insert into post (post_id, title, item, start_time, end_time, description, delivery, status) values (89, 'Untitled post RW', 89, '2017-11-11 09:06:27', '2018-12-31 13:45:39', 'Gxt good', false, true);
insert into post (post_id, title, item, start_time, end_time, description, delivery, status) values (90, 'Untitled post QB', 90, '2018-10-04 04:52:45', '2018-12-22 20:37:10', 'Oge good', false, true);
insert into post (post_id, title, item, start_time, end_time, description, delivery, status) values (91, 'Untitled post EF', 91, '2018-05-10 05:46:59', '2018-11-29 14:11:57', 'Crq good', true, true);
insert into post (post_id, title, item, start_time, end_time, description, delivery, status) values (92, 'Untitled post MM', 92, '2018-06-01 11:29:20', '2018-10-31 22:47:19', 'Fql good', true, true);
insert into post (post_id, title, item, start_time, end_time, description, delivery, status) values (93, 'Untitled post HB', 93, '2017-10-07 22:25:17', '2018-11-29 14:52:07', 'Alu good', true, true);
insert into post (post_id, title, item, start_time, end_time, description, delivery, status) values (94, 'Untitled post XK', 94, '2018-01-29 02:47:31', '2018-10-06 09:17:39', 'Cok good', false, true);
insert into post (post_id, title, item, start_time, end_time, description, delivery, status) values (95, 'Untitled post KR', 95, '2018-07-16 16:05:58', '2018-12-19 04:23:05', 'Xra good', false, true);
insert into post (post_id, title, item, start_time, end_time, description, delivery, status) values (96, 'Untitled post BP', 96, '2018-06-07 14:03:06', '2018-10-19 22:30:59', 'Uou good', true, true);
insert into post (post_id, title, item, start_time, end_time, description, delivery, status) values (97, 'Untitled post ZS', 97, '2018-08-11 00:23:54', '2018-11-03 21:04:32', 'Fgd good', true, true);
insert into post (post_id, title, item, start_time, end_time, description, delivery, status) values (98, 'Untitled post UL', 98, '2018-01-29 00:06:33', '2018-12-18 14:48:00', 'Yeu good', false, false);
insert into post (post_id, title, item, start_time, end_time, description, delivery, status) values (99, 'Untitled post MI', 99, '2018-02-14 03:44:29', '2018-10-11 18:30:42', 'Mel good', true, false);
insert into post (post_id, title, item, start_time, end_time, description, delivery, status) values (100, 'Untitled post UA', 100, '2018-07-06 02:00:39', '2018-12-23 05:11:38', 'Jvb good', true, false);

insert into bid (bid_id, bidder, points, status, post) values (1, 15, 0, 1, 3);
insert into bid (bid_id, bidder, points, status, post) values (2, 1, 0, 1, 71);
insert into bid (bid_id, bidder, points, status, post) values (3, 11, 0, 2, 88);
insert into bid (bid_id, bidder, points, status, post) values (4, 5, 0, 3, 65);
insert into bid (bid_id, bidder, points, status, post) values (5, 18, 0, 1, 94);
insert into bid (bid_id, bidder, points, status, post) values (6, 19, 0, 1, 30);
insert into bid (bid_id, bidder, points, status, post) values (7, 13, 0, 3, 73);
insert into bid (bid_id, bidder, points, status, post) values (8, 18, 0, 3, 92);
insert into bid (bid_id, bidder, points, status, post) values (9, 10, 0, 3, 84);
insert into bid (bid_id, bidder, points, status, post) values (10, 16, 0, 3, 95);
insert into bid (bid_id, bidder, points, status, post) values (11, 2, 0, 1, 33);
insert into bid (bid_id, bidder, points, status, post) values (12, 3, 0, 1, 38);
insert into bid (bid_id, bidder, points, status, post) values (13, 4, 0, 1, 93);
insert into bid (bid_id, bidder, points, status, post) values (14, 13, 0, 3, 97);
insert into bid (bid_id, bidder, points, status, post) values (15, 13, 0, 3, 45);
insert into bid (bid_id, bidder, points, status, post) values (16, 7, 0, 1, 90);
insert into bid (bid_id, bidder, points, status, post) values (17, 15, 0, 2, 32);
insert into bid (bid_id, bidder, points, status, post) values (18, 10, 0, 3, 89);
insert into bid (bid_id, bidder, points, status, post) values (19, 9, 0, 1, 16);
insert into bid (bid_id, bidder, points, status, post) values (20, 18, 0, 1, 76);
insert into bid (bid_id, bidder, points, status, post) values (21, 14, 0, 3, 72);
insert into bid (bid_id, bidder, points, status, post) values (22, 13, 0, 1, 69);
insert into bid (bid_id, bidder, points, status, post) values (23, 17, 0, 1, 93);
insert into bid (bid_id, bidder, points, status, post) values (24, 10, 0, 1, 40);
insert into bid (bid_id, bidder, points, status, post) values (25, 13, 0, 2, 90);
insert into bid (bid_id, bidder, points, status, post) values (26, 19, 0, 2, 88);
insert into bid (bid_id, bidder, points, status, post) values (27, 14, 0, 1, 38);
insert into bid (bid_id, bidder, points, status, post) values (28, 15, 0, 2, 98);
insert into bid (bid_id, bidder, points, status, post) values (29, 2, 0, 2, 59);
insert into bid (bid_id, bidder, points, status, post) values (30, 2, 0, 2, 4);
insert into bid (bid_id, bidder, points, status, post) values (31, 17, 0, 3, 19);
insert into bid (bid_id, bidder, points, status, post) values (32, 16, 0, 3, 56);
insert into bid (bid_id, bidder, points, status, post) values (33, 18, 0, 2, 87);
insert into bid (bid_id, bidder, points, status, post) values (34, 16, 0, 2, 11);
insert into bid (bid_id, bidder, points, status, post) values (35, 3, 0, 2, 47);
insert into bid (bid_id, bidder, points, status, post) values (36, 10, 0, 2, 29);
insert into bid (bid_id, bidder, points, status, post) values (37, 13, 0, 1, 18);
insert into bid (bid_id, bidder, points, status, post) values (38, 20, 0, 3, 98);
insert into bid (bid_id, bidder, points, status, post) values (39, 4, 0, 2, 48);
insert into bid (bid_id, bidder, points, status, post) values (40, 18, 0, 2, 55);
insert into bid (bid_id, bidder, points, status, post) values (41, 8, 0, 1, 98);
insert into bid (bid_id, bidder, points, status, post) values (42, 7, 0, 1, 4);
insert into bid (bid_id, bidder, points, status, post) values (43, 5, 0, 3, 92);
insert into bid (bid_id, bidder, points, status, post) values (44, 14, 0, 1, 54);
insert into bid (bid_id, bidder, points, status, post) values (45, 10, 0, 3, 27);
insert into bid (bid_id, bidder, points, status, post) values (46, 2, 0, 2, 7);
insert into bid (bid_id, bidder, points, status, post) values (47, 20, 0, 2, 55);
insert into bid (bid_id, bidder, points, status, post) values (48, 15, 0, 1, 43);
insert into bid (bid_id, bidder, points, status, post) values (49, 8, 0, 1, 30);
insert into bid (bid_id, bidder, points, status, post) values (50, 11, 0, 2, 14);
insert into bid (bid_id, bidder, points, status, post) values (51, 11, 0, 1, 49);
insert into bid (bid_id, bidder, points, status, post) values (52, 12, 0, 1, 99);
insert into bid (bid_id, bidder, points, status, post) values (53, 6, 0, 1, 51);
insert into bid (bid_id, bidder, points, status, post) values (54, 8, 0, 2, 91);
insert into bid (bid_id, bidder, points, status, post) values (55, 1, 0, 3, 40);
insert into bid (bid_id, bidder, points, status, post) values (56, 17, 0, 2, 91);
insert into bid (bid_id, bidder, points, status, post) values (57, 16, 0, 3, 90);
insert into bid (bid_id, bidder, points, status, post) values (58, 8, 0, 1, 91);
insert into bid (bid_id, bidder, points, status, post) values (59, 7, 0, 3, 57);
insert into bid (bid_id, bidder, points, status, post) values (60, 2, 0, 1, 90);
insert into bid (bid_id, bidder, points, status, post) values (61, 11, 0, 3, 7);
insert into bid (bid_id, bidder, points, status, post) values (62, 13, 0, 3, 60);
insert into bid (bid_id, bidder, points, status, post) values (63, 19, 0, 3, 44);
insert into bid (bid_id, bidder, points, status, post) values (64, 8, 0, 2, 6);
insert into bid (bid_id, bidder, points, status, post) values (65, 20, 0, 2, 70);
insert into bid (bid_id, bidder, points, status, post) values (66, 14, 0, 1, 49);
insert into bid (bid_id, bidder, points, status, post) values (67, 7, 0, 2, 39);
insert into bid (bid_id, bidder, points, status, post) values (68, 5, 0, 3, 55);
insert into bid (bid_id, bidder, points, status, post) values (69, 6, 0, 3, 98);
insert into bid (bid_id, bidder, points, status, post) values (70, 12, 0, 2, 64);
insert into bid (bid_id, bidder, points, status, post) values (71, 7, 0, 2, 65);
insert into bid (bid_id, bidder, points, status, post) values (72, 17, 0, 2, 20);
insert into bid (bid_id, bidder, points, status, post) values (73, 17, 0, 2, 89);
insert into bid (bid_id, bidder, points, status, post) values (74, 19, 0, 3, 100);
insert into bid (bid_id, bidder, points, status, post) values (75, 10, 0, 1, 46);
insert into bid (bid_id, bidder, points, status, post) values (76, 2, 0, 3, 94);
insert into bid (bid_id, bidder, points, status, post) values (77, 8, 0, 1, 19);
insert into bid (bid_id, bidder, points, status, post) values (78, 2, 0, 2, 54);
insert into bid (bid_id, bidder, points, status, post) values (79, 3, 0, 1, 44);
insert into bid (bid_id, bidder, points, status, post) values (80, 6, 0, 3, 74);
insert into bid (bid_id, bidder, points, status, post) values (81, 5, 0, 3, 66);
insert into bid (bid_id, bidder, points, status, post) values (82, 14, 0, 3, 87);
insert into bid (bid_id, bidder, points, status, post) values (83, 18, 0, 1, 9);
insert into bid (bid_id, bidder, points, status, post) values (84, 2, 0, 2, 49);
insert into bid (bid_id, bidder, points, status, post) values (85, 8, 0, 3, 21);
insert into bid (bid_id, bidder, points, status, post) values (86, 6, 0, 1, 16);
insert into bid (bid_id, bidder, points, status, post) values (87, 14, 0, 2, 44);
insert into bid (bid_id, bidder, points, status, post) values (88, 17, 0, 3, 32);
insert into bid (bid_id, bidder, points, status, post) values (89, 3, 0, 2, 70);
insert into bid (bid_id, bidder, points, status, post) values (90, 2, 0, 3, 69);
insert into bid (bid_id, bidder, points, status, post) values (91, 19, 0, 3, 66);
insert into bid (bid_id, bidder, points, status, post) values (92, 13, 0, 1, 83);
insert into bid (bid_id, bidder, points, status, post) values (93, 2, 0, 3, 50);
insert into bid (bid_id, bidder, points, status, post) values (94, 18, 0, 2, 98);
insert into bid (bid_id, bidder, points, status, post) values (95, 11, 0, 2, 97);
insert into bid (bid_id, bidder, points, status, post) values (96, 13, 0, 2, 21);
insert into bid (bid_id, bidder, points, status, post) values (97, 4, 0, 3, 53);
insert into bid (bid_id, bidder, points, status, post) values (98, 17, 0, 2, 61);
insert into bid (bid_id, bidder, points, status, post) values (99, 18, 0, 3, 52);
insert into bid (bid_id, bidder, points, status, post) values (100, 2, 0, 1, 50);

insert into loan (loan_id, bid, post, status, start_time, end_time) values (1, 73, 54, false, '2018-02-07 16:57:17', '2018-12-06 00:59:06');
insert into loan (loan_id, bid, post, status, start_time, end_time) values (2, 70, 11, true, '2018-02-22 18:27:12', '2018-11-24 14:31:01');
insert into loan (loan_id, bid, post, status, start_time, end_time) values (3, 55, 43, true, '2018-04-19 15:57:18', '2018-11-18 03:17:33');
insert into loan (loan_id, bid, post, status, start_time, end_time) values (4, 15, 25, true, '2017-12-21 17:56:06', '2018-10-11 22:22:48');
insert into loan (loan_id, bid, post, status, start_time, end_time) values (5, 22, 41, true, '2017-10-20 13:06:10', '2018-12-28 14:37:12');
insert into loan (loan_id, bid, post, status, start_time, end_time) values (6, 75, 14, false, '2017-10-27 10:36:28', '2018-12-17 00:59:18');
insert into loan (loan_id, bid, post, status, start_time, end_time) values (7, 1, 95, true, '2018-02-14 05:44:16', '2018-12-05 12:25:20');
insert into loan (loan_id, bid, post, status, start_time, end_time) values (8, 21, 15, false, '2017-10-09 16:33:47', '2018-10-25 06:59:01');
insert into loan (loan_id, bid, post, status, start_time, end_time) values (9, 91, 90, false, '2018-01-31 18:37:17', '2018-12-07 09:01:51');
insert into loan (loan_id, bid, post, status, start_time, end_time) values (10, 54, 33, true, '2017-12-30 15:32:49', '2018-10-18 12:33:04');
insert into loan (loan_id, bid, post, status, start_time, end_time) values (11, 68, 89, false, '2017-11-03 11:10:57', '2018-11-11 11:44:30');
insert into loan (loan_id, bid, post, status, start_time, end_time) values (12, 59, 100, false, '2018-03-21 08:40:20', '2018-10-25 05:51:27');
insert into loan (loan_id, bid, post, status, start_time, end_time) values (13, 63, 88, true, '2017-10-25 19:40:03', '2018-11-25 19:02:38');
insert into loan (loan_id, bid, post, status, start_time, end_time) values (14, 79, 21, false, '2018-03-14 14:52:00', '2018-12-17 18:01:09');
insert into loan (loan_id, bid, post, status, start_time, end_time) values (15, 30, 8, false, '2018-05-01 03:57:23', '2018-12-11 08:03:31');
insert into loan (loan_id, bid, post, status, start_time, end_time) values (16, 2, 28, false, '2018-08-24 10:34:44', '2018-11-04 03:55:16');
insert into loan (loan_id, bid, post, status, start_time, end_time) values (17, 99, 79, false, '2018-03-16 19:48:41', '2018-10-23 20:58:17');
insert into loan (loan_id, bid, post, status, start_time, end_time) values (18, 23, 91, true, '2017-11-22 06:27:56', '2018-12-02 03:00:48');
insert into loan (loan_id, bid, post, status, start_time, end_time) values (19, 98, 46, true, '2018-06-14 08:31:17', '2018-11-13 00:02:44');
insert into loan (loan_id, bid, post, status, start_time, end_time) values (20, 26, 96, true, '2018-09-20 22:46:59', '2018-10-28 05:06:29');
insert into loan (loan_id, bid, post, status, start_time, end_time) values (21, 93, 36, true, '2018-08-18 16:42:33', '2018-10-30 19:58:53');
insert into loan (loan_id, bid, post, status, start_time, end_time) values (22, 22, 39, true, '2018-09-06 00:48:48', '2018-10-15 18:20:42');
insert into loan (loan_id, bid, post, status, start_time, end_time) values (23, 14, 6, true, '2018-04-28 22:06:45', '2018-12-24 03:50:47');
insert into loan (loan_id, bid, post, status, start_time, end_time) values (24, 40, 31, false, '2018-09-21 10:11:32', '2018-10-16 21:43:06');
insert into loan (loan_id, bid, post, status, start_time, end_time) values (25, 68, 31, false, '2018-06-07 01:27:52', '2018-10-17 20:26:31');
insert into loan (loan_id, bid, post, status, start_time, end_time) values (26, 13, 85, false, '2018-05-25 17:44:36', '2018-11-11 18:28:27');
insert into loan (loan_id, bid, post, status, start_time, end_time) values (27, 28, 14, false, '2017-12-26 22:59:30', '2018-10-18 03:18:32');
insert into loan (loan_id, bid, post, status, start_time, end_time) values (28, 63, 39, false, '2018-08-31 13:51:45', '2018-11-08 05:02:27');
insert into loan (loan_id, bid, post, status, start_time, end_time) values (29, 72, 96, false, '2018-01-18 16:29:53', '2018-12-26 23:13:58');
insert into loan (loan_id, bid, post, status, start_time, end_time) values (30, 86, 69, false, '2018-07-19 06:47:39', '2018-11-11 05:03:04');
insert into loan (loan_id, bid, post, status, start_time, end_time) values (31, 94, 15, true, '2018-07-25 14:09:38', '2018-11-21 13:16:24');
insert into loan (loan_id, bid, post, status, start_time, end_time) values (32, 30, 34, false, '2018-07-01 13:22:51', '2018-11-29 20:18:54');
insert into loan (loan_id, bid, post, status, start_time, end_time) values (33, 95, 33, true, '2017-10-26 01:32:09', '2018-10-08 18:39:50');
insert into loan (loan_id, bid, post, status, start_time, end_time) values (34, 37, 27, true, '2018-06-30 01:55:43', '2018-12-22 12:30:03');
insert into loan (loan_id, bid, post, status, start_time, end_time) values (35, 59, 78, true, '2018-07-25 21:04:37', '2018-12-06 14:09:32');
insert into loan (loan_id, bid, post, status, start_time, end_time) values (36, 91, 75, false, '2018-02-21 04:27:31', '2018-12-09 01:20:16');
insert into loan (loan_id, bid, post, status, start_time, end_time) values (37, 19, 27, true, '2018-05-07 06:00:11', '2018-11-12 03:51:17');
insert into loan (loan_id, bid, post, status, start_time, end_time) values (38, 84, 4, true, '2018-06-02 22:25:52', '2018-10-26 14:44:46');
insert into loan (loan_id, bid, post, status, start_time, end_time) values (39, 15, 22, false, '2018-07-15 11:14:26', '2018-10-22 13:31:05');
insert into loan (loan_id, bid, post, status, start_time, end_time) values (40, 83, 25, false, '2017-12-18 18:26:22', '2018-11-27 09:32:22');
insert into loan (loan_id, bid, post, status, start_time, end_time) values (41, 66, 51, false, '2017-10-10 11:53:18', '2018-10-10 16:09:03');
insert into loan (loan_id, bid, post, status, start_time, end_time) values (42, 47, 5, false, '2018-05-06 15:43:07', '2018-11-25 23:46:17');
insert into loan (loan_id, bid, post, status, start_time, end_time) values (43, 1, 63, false, '2017-10-16 20:33:24', '2018-11-03 08:03:50');
insert into loan (loan_id, bid, post, status, start_time, end_time) values (44, 25, 17, true, '2018-09-19 10:29:29', '2018-11-23 15:12:23');
insert into loan (loan_id, bid, post, status, start_time, end_time) values (45, 71, 59, false, '2018-05-15 03:12:42', '2018-10-29 04:06:47');
insert into loan (loan_id, bid, post, status, start_time, end_time) values (46, 55, 27, false, '2017-10-24 14:55:43', '2018-10-06 11:58:40');
insert into loan (loan_id, bid, post, status, start_time, end_time) values (47, 38, 76, true, '2018-04-10 20:54:44', '2018-11-22 16:55:14');
insert into loan (loan_id, bid, post, status, start_time, end_time) values (48, 10, 11, false, '2017-10-25 16:52:34', '2018-11-18 02:52:41');
insert into loan (loan_id, bid, post, status, start_time, end_time) values (49, 86, 51, false, '2018-09-10 07:37:26', '2018-11-17 06:09:21');
insert into loan (loan_id, bid, post, status, start_time, end_time) values (50, 35, 30, false, '2018-02-10 04:33:18', '2018-11-29 15:25:16');
insert into loan (loan_id, bid, post, status, start_time, end_time) values (51, 45, 100, false, '2018-03-08 11:38:12', '2018-12-01 06:12:24');
insert into loan (loan_id, bid, post, status, start_time, end_time) values (52, 26, 90, false, '2018-07-26 16:14:15', '2018-12-19 01:18:28');
insert into loan (loan_id, bid, post, status, start_time, end_time) values (53, 25, 82, false, '2017-11-13 18:20:34', '2018-11-25 08:35:29');
insert into loan (loan_id, bid, post, status, start_time, end_time) values (54, 43, 22, false, '2018-04-22 07:27:50', '2018-10-27 13:43:03');
insert into loan (loan_id, bid, post, status, start_time, end_time) values (55, 74, 50, true, '2018-05-21 22:54:16', '2018-10-15 22:09:25');
insert into loan (loan_id, bid, post, status, start_time, end_time) values (56, 92, 23, false, '2018-02-27 10:51:39', '2018-10-22 02:26:54');
insert into loan (loan_id, bid, post, status, start_time, end_time) values (57, 77, 61, false, '2018-08-16 07:02:04', '2018-11-21 17:17:19');
insert into loan (loan_id, bid, post, status, start_time, end_time) values (58, 27, 78, true, '2018-09-22 16:17:26', '2018-11-23 06:02:14');
insert into loan (loan_id, bid, post, status, start_time, end_time) values (59, 25, 98, false, '2018-05-18 09:44:54', '2018-10-08 03:18:59');
insert into loan (loan_id, bid, post, status, start_time, end_time) values (60, 35, 78, true, '2017-11-03 12:12:34', '2018-11-01 20:13:59');
insert into loan (loan_id, bid, post, status, start_time, end_time) values (61, 25, 72, true, '2018-06-07 01:34:01', '2018-10-07 01:15:46');
insert into loan (loan_id, bid, post, status, start_time, end_time) values (62, 80, 6, true, '2018-01-20 01:57:45', '2018-10-13 03:28:35');
insert into loan (loan_id, bid, post, status, start_time, end_time) values (63, 35, 26, true, '2018-01-29 20:52:38', '2018-10-24 03:30:01');
insert into loan (loan_id, bid, post, status, start_time, end_time) values (64, 92, 44, false, '2017-10-06 03:56:21', '2018-11-18 14:22:15');
insert into loan (loan_id, bid, post, status, start_time, end_time) values (65, 45, 43, false, '2018-05-22 01:17:04', '2018-10-24 00:15:52');
insert into loan (loan_id, bid, post, status, start_time, end_time) values (66, 75, 66, false, '2018-03-07 18:15:26', '2018-12-31 19:40:40');
insert into loan (loan_id, bid, post, status, start_time, end_time) values (67, 75, 60, true, '2018-05-28 23:01:53', '2018-11-03 08:10:23');
insert into loan (loan_id, bid, post, status, start_time, end_time) values (68, 87, 73, false, '2018-08-07 06:26:49', '2018-12-23 06:38:18');
insert into loan (loan_id, bid, post, status, start_time, end_time) values (69, 52, 83, true, '2018-09-16 19:56:48', '2018-11-20 05:48:41');
insert into loan (loan_id, bid, post, status, start_time, end_time) values (70, 93, 35, true, '2017-12-14 08:11:32', '2018-12-14 11:56:53');
insert into loan (loan_id, bid, post, status, start_time, end_time) values (71, 98, 58, false, '2018-04-03 12:58:11', '2018-11-07 14:30:53');
insert into loan (loan_id, bid, post, status, start_time, end_time) values (72, 36, 12, false, '2017-12-30 16:35:42', '2018-11-28 18:36:06');
insert into loan (loan_id, bid, post, status, start_time, end_time) values (73, 8, 9, true, '2018-03-13 00:39:10', '2018-12-13 23:40:27');
insert into loan (loan_id, bid, post, status, start_time, end_time) values (74, 9, 13, false, '2018-06-25 22:40:29', '2018-12-13 22:13:24');
insert into loan (loan_id, bid, post, status, start_time, end_time) values (75, 22, 4, false, '2018-04-23 19:33:38', '2018-11-04 12:54:20');
insert into loan (loan_id, bid, post, status, start_time, end_time) values (76, 47, 67, false, '2018-08-03 13:10:53', '2018-11-10 07:23:32');
insert into loan (loan_id, bid, post, status, start_time, end_time) values (77, 95, 10, true, '2018-04-08 09:40:32', '2018-11-13 21:56:57');
insert into loan (loan_id, bid, post, status, start_time, end_time) values (78, 79, 46, false, '2018-07-23 14:43:37', '2018-11-20 06:28:07');
insert into loan (loan_id, bid, post, status, start_time, end_time) values (79, 53, 83, true, '2018-01-06 06:35:27', '2018-11-03 06:44:39');
insert into loan (loan_id, bid, post, status, start_time, end_time) values (80, 69, 43, false, '2018-01-26 19:20:06', '2018-11-27 17:18:38');
insert into loan (loan_id, bid, post, status, start_time, end_time) values (81, 28, 32, true, '2018-08-11 14:09:13', '2018-11-27 20:14:08');
insert into loan (loan_id, bid, post, status, start_time, end_time) values (82, 35, 68, true, '2018-09-14 07:34:15', '2018-11-28 11:53:19');
insert into loan (loan_id, bid, post, status, start_time, end_time) values (83, 66, 37, false, '2018-08-15 08:15:28', '2018-12-23 13:39:53');
insert into loan (loan_id, bid, post, status, start_time, end_time) values (84, 74, 34, false, '2018-09-11 22:00:36', '2018-12-18 22:55:27');
insert into loan (loan_id, bid, post, status, start_time, end_time) values (85, 65, 9, false, '2018-07-08 20:39:03', '2018-10-20 09:37:14');
insert into loan (loan_id, bid, post, status, start_time, end_time) values (86, 22, 26, false, '2018-02-12 16:23:21', '2018-12-10 18:20:59');
insert into loan (loan_id, bid, post, status, start_time, end_time) values (87, 34, 62, false, '2018-04-17 21:42:15', '2018-10-16 05:55:53');
insert into loan (loan_id, bid, post, status, start_time, end_time) values (88, 73, 68, true, '2018-02-26 08:51:47', '2018-10-13 09:11:32');
insert into loan (loan_id, bid, post, status, start_time, end_time) values (89, 93, 54, true, '2017-12-04 03:34:55', '2018-12-30 16:42:52');
insert into loan (loan_id, bid, post, status, start_time, end_time) values (90, 9, 43, true, '2018-06-23 12:36:11', '2018-11-01 04:12:41');
insert into loan (loan_id, bid, post, status, start_time, end_time) values (91, 13, 91, true, '2018-02-15 20:07:35', '2018-10-07 06:02:10');
insert into loan (loan_id, bid, post, status, start_time, end_time) values (92, 29, 34, true, '2018-08-11 07:44:11', '2018-10-12 13:10:28');
insert into loan (loan_id, bid, post, status, start_time, end_time) values (93, 69, 15, true, '2018-07-26 16:43:02', '2018-10-17 10:17:37');
insert into loan (loan_id, bid, post, status, start_time, end_time) values (94, 62, 32, true, '2018-06-27 15:12:13', '2018-10-08 06:51:59');
insert into loan (loan_id, bid, post, status, start_time, end_time) values (95, 12, 54, true, '2018-05-12 07:11:38', '2018-11-01 01:55:58');
insert into loan (loan_id, bid, post, status, start_time, end_time) values (96, 83, 63, true, '2018-02-26 11:56:23', '2018-12-01 21:56:33');
insert into loan (loan_id, bid, post, status, start_time, end_time) values (97, 51, 15, true, '2017-12-12 20:39:21', '2018-11-22 07:53:43');
insert into loan (loan_id, bid, post, status, start_time, end_time) values (98, 30, 65, false, '2018-04-16 08:58:36', '2018-11-14 06:10:59');
insert into loan (loan_id, bid, post, status, start_time, end_time) values (99, 40, 27, true, '2018-03-29 03:02:50', '2018-10-30 11:52:30');
insert into loan (loan_id, bid, post, status, start_time, end_time) values (100, 70, 82, true, '2017-10-09 12:16:53', '2018-10-09 18:50:18');

insert into comment (comment_id, loan, user_name, content, rating) values (1, 9, 9, 'qnu3Ovz', 4);
insert into comment (comment_id, loan, user_name, content, rating) values (2, 47, 3, 'dI3eK9M', 2);
insert into comment (comment_id, loan, user_name, content, rating) values (3, 96, 9, 'UWwUcsh', 4);
insert into comment (comment_id, loan, user_name, content, rating) values (4, 79, 12, 'PJtgr7l', 3);
insert into comment (comment_id, loan, user_name, content, rating) values (5, 50, 16, '8mbcQM4', 1);
insert into comment (comment_id, loan, user_name, content, rating) values (6, 7, 9, '53qLxPD', 4);
insert into comment (comment_id, loan, user_name, content, rating) values (7, 86, 15, 'l0aSzZC', 4);
insert into comment (comment_id, loan, user_name, content, rating) values (8, 21, 16, 'xW6dBvY', 5);
insert into comment (comment_id, loan, user_name, content, rating) values (9, 24, 10, 'vup3fFc', 3);
insert into comment (comment_id, loan, user_name, content, rating) values (10, 34, 12, '1eUyG9N', 3);
insert into comment (comment_id, loan, user_name, content, rating) values (11, 92, 1, 'IxihhTC', 4);
insert into comment (comment_id, loan, user_name, content, rating) values (12, 12, 20, 'hKjJ3ae', 4);
insert into comment (comment_id, loan, user_name, content, rating) values (13, 4, 1, 'ZIhlXmn', 0);
insert into comment (comment_id, loan, user_name, content, rating) values (14, 16, 6, 'FUiVMKT', 3);
insert into comment (comment_id, loan, user_name, content, rating) values (15, 19, 6, 'qqFXCsI', 1);
insert into comment (comment_id, loan, user_name, content, rating) values (16, 84, 7, '2bSB1Nw', 1);
insert into comment (comment_id, loan, user_name, content, rating) values (17, 67, 1, 'aHDCQay', 4);
insert into comment (comment_id, loan, user_name, content, rating) values (18, 93, 7, 'F9ohTUL', 3);
insert into comment (comment_id, loan, user_name, content, rating) values (19, 42, 19, 'WDL90zS', 4);
insert into comment (comment_id, loan, user_name, content, rating) values (20, 47, 7, 'jCKnpI2', 5);
insert into comment (comment_id, loan, user_name, content, rating) values (21, 2, 11, '1YZau54', 2);
insert into comment (comment_id, loan, user_name, content, rating) values (22, 86, 4, 'uUZ7Gcm', 0);
insert into comment (comment_id, loan, user_name, content, rating) values (23, 57, 4, 'YHLZ2K1', 3);
insert into comment (comment_id, loan, user_name, content, rating) values (24, 4, 9, '8Of23tl', 3);
insert into comment (comment_id, loan, user_name, content, rating) values (25, 27, 5, 'HBwognz', 3);
insert into comment (comment_id, loan, user_name, content, rating) values (26, 48, 2, 'QSmFpMR', 1);
insert into comment (comment_id, loan, user_name, content, rating) values (27, 59, 12, 'RKVHmZO', 3);
insert into comment (comment_id, loan, user_name, content, rating) values (28, 18, 15, 'czqgcMd', 0);
insert into comment (comment_id, loan, user_name, content, rating) values (29, 98, 2, '0yRUQLg', 4);
insert into comment (comment_id, loan, user_name, content, rating) values (30, 94, 7, 'Gi2eZ3o', 4);
insert into comment (comment_id, loan, user_name, content, rating) values (31, 15, 6, 'e7LYijy', 3);
insert into comment (comment_id, loan, user_name, content, rating) values (32, 31, 7, 'K1jJm38', 3);
insert into comment (comment_id, loan, user_name, content, rating) values (33, 11, 20, 'zoiWRRp', 4);
insert into comment (comment_id, loan, user_name, content, rating) values (34, 45, 17, 'fneSTUx', 2);
insert into comment (comment_id, loan, user_name, content, rating) values (35, 7, 16, 'ZilgwM0', 4);
insert into comment (comment_id, loan, user_name, content, rating) values (36, 94, 2, 'W5Plv20', 1);
insert into comment (comment_id, loan, user_name, content, rating) values (37, 51, 3, '4SCtOvS', 4);
insert into comment (comment_id, loan, user_name, content, rating) values (38, 23, 8, 'aJwK72K', 1);
insert into comment (comment_id, loan, user_name, content, rating) values (39, 52, 9, 'OPIVIi5', 5);
insert into comment (comment_id, loan, user_name, content, rating) values (40, 67, 9, '9RbFunH', 5);
insert into comment (comment_id, loan, user_name, content, rating) values (41, 91, 3, 'NXwqYFn', 4);
insert into comment (comment_id, loan, user_name, content, rating) values (42, 2, 20, 'q6OdZQD', 0);
insert into comment (comment_id, loan, user_name, content, rating) values (43, 84, 15, 'xLpMZmW', 1);
insert into comment (comment_id, loan, user_name, content, rating) values (44, 88, 6, '06ctwAr', 4);
insert into comment (comment_id, loan, user_name, content, rating) values (45, 34, 5, 'uFxQY2M', 5);
insert into comment (comment_id, loan, user_name, content, rating) values (46, 25, 19, 'gvt5F4G', 4);
insert into comment (comment_id, loan, user_name, content, rating) values (47, 89, 19, 'gQajFYi', 3);
insert into comment (comment_id, loan, user_name, content, rating) values (48, 78, 12, 'IXafv5i', 1);
insert into comment (comment_id, loan, user_name, content, rating) values (49, 52, 11, 'yvrWHCR', 3);
insert into comment (comment_id, loan, user_name, content, rating) values (50, 9, 13, 'cYsikq4', 1);
insert into comment (comment_id, loan, user_name, content, rating) values (51, 59, 9, '5KmcUNl', 3);
insert into comment (comment_id, loan, user_name, content, rating) values (52, 22, 6, 'gIa0PPx', 1);
insert into comment (comment_id, loan, user_name, content, rating) values (53, 78, 14, 'gf1vcE3', 2);
insert into comment (comment_id, loan, user_name, content, rating) values (54, 35, 13, 'R7q1MHM', 2);
insert into comment (comment_id, loan, user_name, content, rating) values (55, 58, 5, 'gts9brP', 1);
insert into comment (comment_id, loan, user_name, content, rating) values (56, 37, 20, 'sdveBom', 5);
insert into comment (comment_id, loan, user_name, content, rating) values (57, 59, 20, 'XVRZdMI', 5);
insert into comment (comment_id, loan, user_name, content, rating) values (58, 21, 10, 'Kjheeah', 1);
insert into comment (comment_id, loan, user_name, content, rating) values (59, 99, 15, '6vNbJ3y', 0);
insert into comment (comment_id, loan, user_name, content, rating) values (60, 16, 2, 'uIsGdNq', 2);
insert into comment (comment_id, loan, user_name, content, rating) values (61, 40, 10, 'a3zVCIk', 5);
insert into comment (comment_id, loan, user_name, content, rating) values (62, 3, 10, 'AGQXf6w', 0);
insert into comment (comment_id, loan, user_name, content, rating) values (63, 44, 8, 'vETXXnd', 2);
insert into comment (comment_id, loan, user_name, content, rating) values (64, 21, 18, '6wcDDL6', 0);
insert into comment (comment_id, loan, user_name, content, rating) values (65, 11, 10, 'KUHavXC', 5);
insert into comment (comment_id, loan, user_name, content, rating) values (66, 37, 9, '0dtERTT', 4);
insert into comment (comment_id, loan, user_name, content, rating) values (67, 62, 1, 'jpmItD0', 1);
insert into comment (comment_id, loan, user_name, content, rating) values (68, 52, 2, '3Ovv8HP', 5);
insert into comment (comment_id, loan, user_name, content, rating) values (69, 14, 4, 'MNCQK5V', 3);
insert into comment (comment_id, loan, user_name, content, rating) values (70, 12, 15, 'xS3TPpU', 4);
insert into comment (comment_id, loan, user_name, content, rating) values (71, 12, 2, 'Tfnt1sJ', 5);
insert into comment (comment_id, loan, user_name, content, rating) values (72, 97, 18, 'cdFcmNq', 4);
insert into comment (comment_id, loan, user_name, content, rating) values (73, 70, 12, 'eUNvpb9', 5);
insert into comment (comment_id, loan, user_name, content, rating) values (74, 59, 17, 'GfKPjg8', 2);
insert into comment (comment_id, loan, user_name, content, rating) values (75, 11, 7, 'Ud3FynL', 2);
insert into comment (comment_id, loan, user_name, content, rating) values (76, 73, 5, '7Q3PUNh', 4);
insert into comment (comment_id, loan, user_name, content, rating) values (77, 77, 2, 'g4KtuDs', 2);
insert into comment (comment_id, loan, user_name, content, rating) values (78, 75, 17, 'KgHkAw1', 3);
insert into comment (comment_id, loan, user_name, content, rating) values (79, 68, 1, '5ze4NVP', 3);
insert into comment (comment_id, loan, user_name, content, rating) values (80, 27, 18, 'gy12mUN', 5);
insert into comment (comment_id, loan, user_name, content, rating) values (81, 17, 11, 'sXaruQZ', 3);
insert into comment (comment_id, loan, user_name, content, rating) values (82, 52, 9, 'k6UBxZy', 1);
insert into comment (comment_id, loan, user_name, content, rating) values (83, 98, 18, 'AUZXEJt', 4);
insert into comment (comment_id, loan, user_name, content, rating) values (84, 19, 10, 'skh92PC', 3);
insert into comment (comment_id, loan, user_name, content, rating) values (85, 93, 19, 'HFbbURA', 5);
insert into comment (comment_id, loan, user_name, content, rating) values (86, 19, 11, 'wlFTGiU', 1);
insert into comment (comment_id, loan, user_name, content, rating) values (87, 100, 9, 'SL5vLb7', 1);
insert into comment (comment_id, loan, user_name, content, rating) values (88, 26, 14, 'JzQW1yi', 2);
insert into comment (comment_id, loan, user_name, content, rating) values (89, 58, 4, 'u0qvOOV', 4);
insert into comment (comment_id, loan, user_name, content, rating) values (90, 5, 2, 'bIApSj9', 3);
insert into comment (comment_id, loan, user_name, content, rating) values (91, 28, 3, 'cfEDPH1', 4);
insert into comment (comment_id, loan, user_name, content, rating) values (92, 39, 13, 'o150MgA', 2);
insert into comment (comment_id, loan, user_name, content, rating) values (93, 88, 2, 'sfXmYEw', 3);
insert into comment (comment_id, loan, user_name, content, rating) values (94, 57, 12, 'RSJ2LWx', 3);
insert into comment (comment_id, loan, user_name, content, rating) values (95, 95, 14, '7Pk4muZ', 3);
insert into comment (comment_id, loan, user_name, content, rating) values (96, 67, 3, 'M4eMNik', 5);
insert into comment (comment_id, loan, user_name, content, rating) values (97, 10, 2, 'foX2Tr1', 2);
insert into comment (comment_id, loan, user_name, content, rating) values (98, 5, 10, 'A0mOo48', 4);
insert into comment (comment_id, loan, user_name, content, rating) values (99, 55, 20, 'gqvllLk', 1);
insert into comment (comment_id, loan, user_name, content, rating) values (100, 46, 3, 'gfObVYF', 3);
